{"cameraMode":{"drawMode":0,"name":"Shaded","section":"Shading Mode"},"sceneLighting":true,"audioPlay":false,"sceneViewState":{"m_AlwaysRefresh":false,"showFog":true,"showSkybox":true,"showFlares":true,"showImageEffects":true,"showParticleSystems":true,"showVisualEffectGraphs":true,"m_FxEnabled":true},"in2DMode":false,"pivot":{"x":13.550975799560547,"y":6.835512161254883,"z":-2.0111007690429689},"rotation":{"x":0.04025699198246002,"y":-0.9490438103675842,"z":0.13583891093730927,"w":0.2817784547805786},"size":15.63476276397705,"orthographic":false}