{"cameraMode":{"drawMode":0,"name":"Shaded","section":"Shading Mode"},"sceneLighting":true,"audioPlay":false,"sceneViewState":{"m_AlwaysRefresh":false,"showFog":true,"showSkybox":true,"showFlares":true,"showImageEffects":true,"showParticleSystems":true,"showVisualEffectGraphs":true,"m_FxEnabled":true},"in2DMode":false,"pivot":{"x":4.899999618530273,"y":2.09999942779541,"z":-1.8000001907348633},"rotation":{"x":-0.000880484061781317,"y":0.7101755738258362,"z":0.001313965767621994,"w":0.7041963934898377},"size":2.063976764678955,"orthographic":false}