{"cameraMode":{"drawMode":0,"name":"Shaded","section":"Shading Mode"},"sceneLighting":true,"audioPlay":false,"sceneViewState":{"m_AlwaysRefresh":false,"showFog":true,"showSkybox":true,"showFlares":true,"showImageEffects":true,"showParticleSystems":true,"showVisualEffectGraphs":true,"m_FxEnabled":true},"in2DMode":false,"pivot":{"x":-32.362789154052737,"y":3.755683422088623,"z":-3.6020686626434328},"rotation":{"x":0.012463880702853203,"y":0.9784393906593323,"z":-0.06202751025557518,"w":0.19660936295986176},"size":9.979750633239746,"orthographic":false}