{"cameraMode":{"drawMode":0,"name":"Shaded","section":"Shading Mode"},"sceneLighting":true,"audioPlay":false,"sceneViewState":{"m_AlwaysRefresh":false,"showFog":true,"showSkybox":true,"showFlares":true,"showImageEffects":true,"showParticleSystems":true,"showVisualEffectGraphs":true,"m_FxEnabled":true},"in2DMode":false,"pivot":{"x":3.3349130153656008,"y":0.5980132818222046,"z":-4.261842727661133},"rotation":{"x":-0.2216569185256958,"y":0.007034467998892069,"z":-0.0015909543726593257,"w":-0.975135326385498},"size":1.1297770738601685,"orthographic":false}