{"cameraMode":{"drawMode":0,"name":"Shaded","section":"Shading Mode"},"sceneLighting":true,"audioPlay":false,"sceneViewState":{"m_AlwaysRefresh":false,"showFog":true,"showSkybox":true,"showFlares":true,"showImageEffects":true,"showParticleSystems":true,"showVisualEffectGraphs":true,"m_FxEnabled":true},"in2DMode":false,"pivot":{"x":20.604290008544923,"y":0.881987452507019,"z":-3.1122212409973146},"rotation":{"x":-0.20076856017112733,"y":0.07999669760465622,"z":-0.016382886096835138,"w":-0.9765961170196533},"size":3.49845552444458,"orthographic":false}