{"cameraMode":{"drawMode":0,"name":"Shaded","section":"Shading Mode"},"sceneLighting":true,"audioPlay":false,"sceneViewState":{"m_AlwaysRefresh":false,"showFog":true,"showSkybox":true,"showFlares":true,"showImageEffects":true,"showParticleSystems":true,"showVisualEffectGraphs":true,"m_FxEnabled":true},"in2DMode":false,"pivot":{"x":-4.081956386566162,"y":2.3052101135253908,"z":-5.704087257385254},"rotation":{"x":-0.11119356751441956,"y":-0.15527017414569856,"z":0.017567245289683343,"w":-0.9814599752426148},"size":1.1785410642623902,"orthographic":false}