{"cameraMode":{"drawMode":0,"name":"Shaded","section":"Shading Mode"},"sceneLighting":true,"audioPlay":false,"sceneViewState":{"m_AlwaysRefresh":false,"showFog":true,"showSkybox":true,"showFlares":true,"showImageEffects":true,"showParticleSystems":true,"showVisualEffectGraphs":true,"m_FxEnabled":true},"in2DMode":false,"pivot":{"x":76.55632019042969,"y":-2.5271148681640627,"z":49.246185302734378},"rotation":{"x":0.11763275414705277,"y":0.16927528381347657,"z":-0.020290963351726533,"w":0.9783955812454224},"size":63.73107147216797,"orthographic":false}