{"cameraMode":{"drawMode":0,"name":"Shaded","section":"Shading Mode"},"sceneLighting":true,"audioPlay":false,"sceneViewState":{"m_AlwaysRefresh":false,"showFog":true,"showSkybox":true,"showFlares":true,"showImageEffects":true,"showParticleSystems":true,"showVisualEffectGraphs":true,"m_FxEnabled":true},"in2DMode":false,"pivot":{"x":16.133607864379884,"y":1.171949863433838,"z":7.90573787689209},"rotation":{"x":0.021653445437550546,"y":0.5233031511306763,"z":-0.012794745154678822,"w":0.8519011735916138},"size":10.14635181427002,"orthographic":false}