{"cameraMode":{"drawMode":0,"name":"Shaded","section":"Shading Mode"},"sceneLighting":true,"audioPlay":false,"sceneViewState":{"m_AlwaysRefresh":false,"showFog":true,"showSkybox":true,"showFlares":true,"showImageEffects":true,"showParticleSystems":true,"showVisualEffectGraphs":true,"m_FxEnabled":true},"in2DMode":false,"pivot":{"x":29.425241470336915,"y":10.706019401550293,"z":-33.23873519897461},"rotation":{"x":-0.06447473168373108,"y":0.6561790108680725,"z":-0.056479230523109439,"w":-0.749896764755249},"size":0.8660253882408142,"orthographic":false}