{"cameraMode":{"drawMode":0,"name":"Shaded","section":"Shading Mode"},"sceneLighting":true,"audioPlay":false,"sceneViewState":{"m_AlwaysRefresh":false,"showFog":true,"showSkybox":true,"showFlares":true,"showImageEffects":true,"showParticleSystems":true,"showVisualEffectGraphs":true,"m_FxEnabled":true},"in2DMode":false,"pivot":{"x":3.0505802631378176,"y":2.179206609725952,"z":0.023989055305719377},"rotation":{"x":0.23066717386245728,"y":-0.7259222269058228,"z":0.28850385546684267,"w":0.580310583114624},"size":0.8660253882408142,"orthographic":false}