{"cameraMode":{"drawMode":0,"name":"Shaded","section":"Shading Mode"},"sceneLighting":true,"audioPlay":false,"sceneViewState":{"m_AlwaysRefresh":false,"showFog":true,"showSkybox":true,"showFlares":true,"showImageEffects":true,"showParticleSystems":true,"showVisualEffectGraphs":true,"m_FxEnabled":true},"in2DMode":false,"pivot":{"x":1.3893013000488282,"y":2.1958835124969484,"z":0.18436293303966523},"rotation":{"x":0.051897455006837848,"y":-0.7058831453323364,"z":0.052315451204776767,"w":0.7046685218811035},"size":2.5780677795410158,"orthographic":false}